<?xml version='1.0' encoding='UTF-8'?>
<geometry>
  <cell id="1" material="1" name="uo2" region="101 -102 103 -104" universe="1"/>
  <cell id="2" material="3" name="uo2_moderator" region="-101 | 102 | -103 | 104" universe="1"/>
  <cell id="3" material="2" name="gad" region="101 -102 103 -104" universe="2"/>
  <cell id="4" material="3" name="gad_moderator" region="-101 | 102 | -103 | 104" universe="2"/>
  <cell id="5" material="3" name="water" region="101 -102 103 -104" universe="3"/>
  <cell id="6" material="3" name="water_moderator" region="-101 | 102 | -103 | 104" universe="3"/>
  <cell fill="4" id="7" name="UO2 Assembly" universe="5"/>
  <cell fill="6" id="8" name="GAD Assembly" universe="7"/>
  <cell fill="8" id="9" name="root cell" region="1 -2 3 -4" universe="1000"/>
  <lattice id="4" name="UO2 Assembly">
    <pitch>1.26 1.26</pitch>
    <dimension>17 17</dimension>
    <lower_left>-10.71 -10.71</lower_left>
    <universes>
1 1 1 1 1 1 1 1 1 1 1 1 1 1 1 1 1 
1 1 1 1 1 1 1 1 1 1 1 1 1 1 1 1 1 
1 1 1 1 1 3 1 1 3 1 1 3 1 1 1 1 1 
1 1 1 3 1 1 1 1 1 1 1 1 1 3 1 1 1 
1 1 1 1 1 1 1 1 1 1 1 1 1 1 1 1 1 
1 1 3 1 1 3 1 1 3 1 1 3 1 1 3 1 1 
1 1 1 1 1 1 1 1 1 1 1 1 1 1 1 1 1 
1 1 1 1 1 1 1 1 1 1 1 1 1 1 1 1 1 
1 1 3 1 1 3 1 1 3 1 1 3 1 1 3 1 1 
1 1 1 1 1 1 1 1 1 1 1 1 1 1 1 1 1 
1 1 1 1 1 1 1 1 1 1 1 1 1 1 1 1 1 
1 1 3 1 1 3 1 1 3 1 1 3 1 1 3 1 1 
1 1 1 1 1 1 1 1 1 1 1 1 1 1 1 1 1 
1 1 1 3 1 1 1 1 1 1 1 1 1 3 1 1 1 
1 1 1 1 1 3 1 1 3 1 1 3 1 1 1 1 1 
1 1 1 1 1 1 1 1 1 1 1 1 1 1 1 1 1 
1 1 1 1 1 1 1 1 1 1 1 1 1 1 1 1 1 </universes>
  </lattice>
  <lattice id="6" name="GAD Assembly">
    <pitch>1.26 1.26</pitch>
    <dimension>17 17</dimension>
    <lower_left>-10.71 -10.71</lower_left>
    <universes>
1 1 1 1 1 1 1 1 1 1 1 1 1 1 1 1 1 
1 1 1 1 1 1 1 1 1 1 1 1 1 1 1 1 1 
1 1 1 1 1 3 1 1 3 1 1 3 1 1 1 1 1 
1 1 1 3 1 2 1 1 1 1 1 2 1 3 1 1 1 
1 1 1 1 1 1 1 1 2 1 1 1 1 1 1 1 1 
1 1 3 2 1 3 1 1 3 1 1 3 1 2 3 1 1 
1 1 1 1 1 1 1 1 1 1 1 1 1 1 1 1 1 
1 1 1 1 1 1 1 2 1 2 1 1 1 1 1 1 1 
1 1 3 1 2 3 1 1 3 1 1 3 2 1 3 1 1 
1 1 1 1 1 1 1 2 1 2 1 1 1 1 1 1 1 
1 1 1 1 1 1 1 1 1 1 1 1 1 1 1 1 1 
1 1 3 2 1 3 1 1 3 1 1 3 1 2 3 1 1 
1 1 1 1 1 1 1 1 2 1 1 1 1 1 1 1 1 
1 1 1 3 1 2 1 1 1 1 1 2 1 3 1 1 1 
1 1 1 1 1 3 1 1 3 1 1 3 1 1 1 1 1 
1 1 1 1 1 1 1 1 1 1 1 1 1 1 1 1 1 
1 1 1 1 1 1 1 1 1 1 1 1 1 1 1 1 1 </universes>
  </lattice>
  <lattice id="8" name="2x2 core lattice">
    <pitch>21.42 21.42</pitch>
    <dimension>2 2</dimension>
    <lower_left>-21.42 -21.42</lower_left>
    <universes>
5 7 
7 5 </universes>
  </lattice>
  <surface boundary="vacuum" coeffs="-21.42" id="1" type="x-plane"/>
  <surface boundary="vacuum" coeffs="21.42" id="2" type="x-plane"/>
  <surface boundary="vacuum" coeffs="-21.42" id="3" type="y-plane"/>
  <surface boundary="vacuum" coeffs="21.42" id="4" type="y-plane"/>
  <surface coeffs="-0.479" id="101" type="x-plane"/>
  <surface coeffs="0.479" id="102" type="x-plane"/>
  <surface coeffs="-0.479" id="103" type="y-plane"/>
  <surface coeffs="0.479" id="104" type="y-plane"/>
</geometry>
