<?xml version='1.0' encoding='utf-8'?>
<materials>
  <material depletable="true" id="1" name="uo2" temperature="600.0">
    <density units="g/cm3" value="10.25701"/>
    <nuclide ao="0.0457642" name="O16"/>
    <nuclide ao="6.11864e-06" name="U234"/>
    <nuclide ao="0.000718132" name="U235"/>
    <nuclide ao="3.29861e-06" name="U236"/>
    <nuclide ao="0.0221546" name="U238"/>
  </material>
  <material depletable="true" id="2" name="gad" temperature="600.0">
    <density units="g/cm3" value="10.11099"/>
    <nuclide ao="0.0453705" name="O16"/>
    <nuclide ao="3.3596e-06" name="Gd152"/>
    <nuclide ao="3.6619e-05" name="Gd154"/>
    <nuclide ao="0.000248606" name="Gd155"/>
    <nuclide ao="0.000343849" name="Gd156"/>
    <nuclide ao="0.000262884" name="Gd157"/>
    <nuclide ao="0.000417255" name="Gd158"/>
    <nuclide ao="0.000367198" name="Gd160"/>
    <nuclide ao="3.18096e-06" name="U234"/>
    <nuclide ao="0.0003905" name="U235"/>
    <nuclide ao="1.793e-06" name="U236"/>
    <nuclide ao="0.0210299" name="U238"/>
  </material>
  <material id="3" name="water" temperature="600.0">
    <density units="g/cm3" value="0.743"/>
    <nuclide ao="0.0496224" name="H1"/>
    <nuclide ao="0.0248112" name="O16"/>
    <nuclide ao="1.0707e-05" name="B10"/>
    <nuclide ao="4.30971e-05" name="B11"/>
    <sab name="c_H_in_H2O"/>
  </material>
</materials>
