<?xml version='1.0' encoding='utf-8'?>
<model>
  <materials>
    <material depletable="true" id="1" name="uo2" temperature="600.0">
      <density units="g/cm3" value="10.25701"/>
      <nuclide ao="0.0457642" name="O16"/>
      <nuclide ao="6.11864e-06" name="U234"/>
      <nuclide ao="0.000718132" name="U235"/>
      <nuclide ao="3.29861e-06" name="U236"/>
      <nuclide ao="0.0221546" name="U238"/>
    </material>
    <material depletable="true" id="2" name="gad" temperature="600.0">
      <density units="g/cm3" value="10.11099"/>
      <nuclide ao="0.0453705" name="O16"/>
      <nuclide ao="3.3596e-06" name="Gd152"/>
      <nuclide ao="3.6619e-05" name="Gd154"/>
      <nuclide ao="0.000248606" name="Gd155"/>
      <nuclide ao="0.000343849" name="Gd156"/>
      <nuclide ao="0.000262884" name="Gd157"/>
      <nuclide ao="0.000417255" name="Gd158"/>
      <nuclide ao="0.000367198" name="Gd160"/>
      <nuclide ao="3.18096e-06" name="U234"/>
      <nuclide ao="0.0003905" name="U235"/>
      <nuclide ao="1.793e-06" name="U236"/>
      <nuclide ao="0.0210299" name="U238"/>
    </material>
    <material id="3" name="water" temperature="600.0">
      <density units="g/cm3" value="0.743"/>
      <nuclide ao="0.0496224" name="H1"/>
      <nuclide ao="0.0248112" name="O16"/>
      <nuclide ao="1.0707e-05" name="B10"/>
      <nuclide ao="4.30971e-05" name="B11"/>
      <sab name="c_H_in_H2O"/>
    </material>
  </materials>
  <geometry>
    <cell id="1" material="1" name="uo2" region="101 -102 103 -104" universe="1"/>
    <cell id="2" material="3" name="uo2_moderator" region="-101 | 102 | -103 | 104" universe="1"/>
    <cell id="3" material="2" name="gad" region="101 -102 103 -104" universe="2"/>
    <cell id="4" material="3" name="gad_moderator" region="-101 | 102 | -103 | 104" universe="2"/>
    <cell id="5" material="3" name="water" region="101 -102 103 -104" universe="3"/>
    <cell id="6" material="3" name="water_moderator" region="-101 | 102 | -103 | 104" universe="3"/>
    <cell fill="4" id="7" name="UO2 Assembly" universe="5"/>
    <cell fill="6" id="8" name="GAD Assembly" universe="7"/>
    <cell fill="8" id="9" name="root cell" region="1 -2 3 -4" universe="1000"/>
    <lattice id="4" name="UO2 Assembly">
      <pitch>1.26 1.26</pitch>
      <dimension>17 17</dimension>
      <lower_left>-10.71 -10.71</lower_left>
      <universes>
1 1 1 1 1 1 1 1 1 1 1 1 1 1 1 1 1 
1 1 1 1 1 1 1 1 1 1 1 1 1 1 1 1 1 
1 1 1 1 1 3 1 1 3 1 1 3 1 1 1 1 1 
1 1 1 3 1 1 1 1 1 1 1 1 1 3 1 1 1 
1 1 1 1 1 1 1 1 1 1 1 1 1 1 1 1 1 
1 1 3 1 1 3 1 1 3 1 1 3 1 1 3 1 1 
1 1 1 1 1 1 1 1 1 1 1 1 1 1 1 1 1 
1 1 1 1 1 1 1 1 1 1 1 1 1 1 1 1 1 
1 1 3 1 1 3 1 1 3 1 1 3 1 1 3 1 1 
1 1 1 1 1 1 1 1 1 1 1 1 1 1 1 1 1 
1 1 1 1 1 1 1 1 1 1 1 1 1 1 1 1 1 
1 1 3 1 1 3 1 1 3 1 1 3 1 1 3 1 1 
1 1 1 1 1 1 1 1 1 1 1 1 1 1 1 1 1 
1 1 1 3 1 1 1 1 1 1 1 1 1 3 1 1 1 
1 1 1 1 1 3 1 1 3 1 1 3 1 1 1 1 1 
1 1 1 1 1 1 1 1 1 1 1 1 1 1 1 1 1 
1 1 1 1 1 1 1 1 1 1 1 1 1 1 1 1 1 </universes>
    </lattice>
    <lattice id="6" name="GAD Assembly">
      <pitch>1.26 1.26</pitch>
      <dimension>17 17</dimension>
      <lower_left>-10.71 -10.71</lower_left>
      <universes>
1 1 1 1 1 1 1 1 1 1 1 1 1 1 1 1 1 
1 1 1 1 1 1 1 1 1 1 1 1 1 1 1 1 1 
1 1 1 1 1 3 1 1 3 1 1 3 1 1 1 1 1 
1 1 1 3 1 2 1 1 1 1 1 2 1 3 1 1 1 
1 1 1 1 1 1 1 1 2 1 1 1 1 1 1 1 1 
1 1 3 2 1 3 1 1 3 1 1 3 1 2 3 1 1 
1 1 1 1 1 1 1 1 1 1 1 1 1 1 1 1 1 
1 1 1 1 1 1 1 2 1 2 1 1 1 1 1 1 1 
1 1 3 1 2 3 1 1 3 1 1 3 2 1 3 1 1 
1 1 1 1 1 1 1 2 1 2 1 1 1 1 1 1 1 
1 1 1 1 1 1 1 1 1 1 1 1 1 1 1 1 1 
1 1 3 2 1 3 1 1 3 1 1 3 1 2 3 1 1 
1 1 1 1 1 1 1 1 2 1 1 1 1 1 1 1 1 
1 1 1 3 1 2 1 1 1 1 1 2 1 3 1 1 1 
1 1 1 1 1 3 1 1 3 1 1 3 1 1 1 1 1 
1 1 1 1 1 1 1 1 1 1 1 1 1 1 1 1 1 
1 1 1 1 1 1 1 1 1 1 1 1 1 1 1 1 1 </universes>
    </lattice>
    <lattice id="8" name="2x2 core lattice">
      <pitch>21.42 21.42</pitch>
      <dimension>2 2</dimension>
      <lower_left>-21.42 -21.42</lower_left>
      <universes>
5 7 
7 5 </universes>
    </lattice>
    <surface boundary="vacuum" coeffs="-21.42" id="1" type="x-plane"/>
    <surface boundary="vacuum" coeffs="21.42" id="2" type="x-plane"/>
    <surface boundary="vacuum" coeffs="-21.42" id="3" type="y-plane"/>
    <surface boundary="vacuum" coeffs="21.42" id="4" type="y-plane"/>
    <surface coeffs="-0.479" id="101" type="x-plane"/>
    <surface coeffs="0.479" id="102" type="x-plane"/>
    <surface coeffs="-0.479" id="103" type="y-plane"/>
    <surface coeffs="0.479" id="104" type="y-plane"/>
  </geometry>
  <settings>
    <run_mode>eigenvalue</run_mode>
    <particles>200000</particles>
    <batches>1000</batches>
    <inactive>100</inactive>
    <source particle="neutron" strength="1.0" type="independent">
      <space type="box">
        <parameters>-21.42 -21.42 -20 21.42 21.42 20</parameters>
      </space>
      <constraints>
        <fissionable>true</fissionable>
      </constraints>
    </source>
    <output>
      <tallies>true</tallies>
    </output>
  </settings>
  <tallies>
    <mesh id="1">
      <dimension>34 34</dimension>
      <lower_left>-21.42 -21.42</lower_left>
      <upper_right>21.42 21.42</upper_right>
    </mesh>
    <filter id="100" type="material">
      <bins>1 2 3</bins>
    </filter>
    <filter id="2" type="energy">
      <bins>0.0 0.625 20000000.0</bins>
    </filter>
    <filter id="3" type="energyout">
      <bins>0.0 0.625 20000000.0</bins>
    </filter>
    <filter id="4" type="legendre">
      <order>1</order>
    </filter>
    <filter id="23" type="energy">
      <bins>0.0 20000000.0</bins>
    </filter>
    <filter id="112" type="mesh">
      <bins>1</bins>
    </filter>
    <tally id="112">
      <filters>100 2</filters>
      <nuclides>total</nuclides>
      <scores>flux total absorption fission nu-fission kappa-fission</scores>
      <estimator>tracklength</estimator>
    </tally>
    <tally id="115">
      <filters>100 2</filters>
      <nuclides>total</nuclides>
      <scores>flux</scores>
      <estimator>analog</estimator>
    </tally>
    <tally id="86">
      <filters>100 3 4</filters>
      <nuclides>total</nuclides>
      <scores>scatter</scores>
      <estimator>analog</estimator>
    </tally>
    <tally id="116">
      <filters>100 2 3 4</filters>
      <nuclides>total</nuclides>
      <scores>scatter</scores>
      <estimator>analog</estimator>
    </tally>
    <tally id="119">
      <filters>100 23</filters>
      <nuclides>total</nuclides>
      <scores>nu-fission</scores>
      <estimator>analog</estimator>
    </tally>
    <tally id="120">
      <filters>100 3</filters>
      <nuclides>total</nuclides>
      <scores>nu-fission</scores>
      <estimator>analog</estimator>
    </tally>
    <tally id="121" name="flux tally">
      <filters>112 2</filters>
      <scores>flux</scores>
    </tally>
  </tallies>
</model>
